{
	"list": [ {
		"date": "2015-11",
		"arr": {
			"year": 2015,
			"month": 11,
			"src": ["https://scontent.cdninstagram.com/hphotos-xft1/t51.2885-15/s640x640/sh0.08/e35/12269862_894338194013437_1805169379_n.jpg", "https://scontent.cdninstagram.com/hphotos-xpf1/t51.2885-15/s640x640/sh0.08/e35/12276891_172191463131445_911534090_n.jpg", "https://scontent.cdninstagram.com/hphotos-xtp1/t51.2885-15/s640x640/sh0.08/e35/12237527_913338585386151_2037194016_n.jpg", "https://scontent.cdninstagram.com/hphotos-xap1/t51.2885-15/e15/11934646_1088170014540783_209449183_n.jpg"],
			"link": ["-tqoLXo7v-", "-qKfKxo7nw", "-nE5BQo7uP", "9qjBpWI7lk"],
			"text": ["雪上鸦飞", "行走于结了冰的松花江上，遇到一群放生的人。佛经飘扬，鱼虾入河，河面转瞬又恢复了平静。而后在饭店，服务员说我们的鱼，就来自这松花江里。\n\n佛的安排奇妙又令人啼笑，鱼让俩群不同的人都收获了快乐？那么我想，鱼就是佛", "月上枝头", "在天黑后的日光岩顶呆了很久，一个人看一座岛，孤单也自由。后来遇到一位姑娘，我们一同下山。带着她逛遍整条龙头路找吃的，但她什么也不愿吃，问她，她说，想吃酸辣土豆丝。\n\n只有笑着承认，真是意料之外的答案。我出来玩，就是为了吃平时吃不到的东西，她则是觉得家乡的菜最熟悉，在哪都是愿意吃的。\n\n好吧，陪你吃。因为，离开武汉这么久，我也挺想念这道菜。"],
			"type": ["image", "image", "image", "video"]
		}
	}]
}